{
    "avg_mae": 2.534953320191966,
    "avg_rmse": 3.6763524977632693,
    "avg_mape": 0.6070558558838428,
    "avg_mae_std": 7.6048599331221185,
    "base_avg_mae": 1.9277777777777778,
    "base_avg_rmse": 3.3701645647156915,
    "base_avg_mape": 0.39442566539197227,
    "base_avg_mae_std": 5.783333307959403
}