{
    "avg_mae": 2.7260517869972514,
    "avg_rmse": 3.9033960216762162,
    "avg_mape": 0.6238144042408974,
    "avg_mae_std": 8.17815531022912,
    "base_avg_mae": 1.8979166666666665,
    "base_avg_rmse": 3.342748196696223,
    "base_avg_mape": 0.3677996038556298,
    "base_avg_mae_std": 5.693749976506508
}