epoch,step,train_loss
0,49,1.4162520170211792
1,99,0.7828819155693054
