epoch,step,train_loss
0,49,1.3299366235733032
1,99,0.7964990735054016
2,149,0.6027448773384094
3,199,0.48372188210487366
4,249,0.27480220794677734
5,299,0.11568646132946014
6,349,0.15635468065738678
7,399,0.041311316192150116
8,449,0.017735134810209274
9,499,0.27177056670188904
